{
  "version": "3.67.28569.0",
  "course_id": "6IE1yXvGUTd",
  "title": "Welcome videos",
  "thumbnail": "story_content/thumbnail.jpg",
  "scenes": [
    {
      "title": "Untitled Scene"
    }
  ],
  "slides": [
    {
      "id": "60CiOtsmmAh",
      "title": "Pick your tour",
      "scene_index": "1.1"
    },
    {
      "id": "5mqbaQGN7yL",
      "title": "Caitlin",
      "scene_index": "1.2"
    },
    {
      "id": "5b1RtXaROWZ",
      "title": "Eleanor",
      "scene_index": "1.3"
    },
    {
      "id": "6dZP3oHCQP2",
      "title": "Nish",
      "scene_index": "1.4"
    },
    {
      "id": "6O0bhYFjK7N",
      "title": "Elina",
      "scene_index": "1.5"
    }
  ],
  "player": {
    "name": "unified",
    "width": 740,
    "height": 611
  },
  "stage": {
    "width": 720,
    "height": 540
  }
}