<?xml version="1.0" ?>
<manifest identifier="JDmLBfxY7VQ0EPkh__oSNPb5CPbt8aIEM9JkHrOz" version="1"
  xmlns="http://www.imsproject.org/xsd/imscp_rootv1p1p2"
  xmlns:adlcp="http://www.adlnet.org/xsd/adlcp_rootv1p2"
  xmlns:xsi="http://www.w3.org/2001/XMLSchema-instance"
  xsi:schemaLocation="http://www.imsproject.org/xsd/imscp_rootv1p1p2 imscp_rootv1p1p2.xsd
                      http://www.adlnet.org/xsd/adlcp_rootv1p2 adlcp_rootv1p2.xsd">
  <metadata>
    <schema>ADL SCORM</schema>
    <schemaversion>1.2</schemaversion>
    <adlcp:location>metadata.xml</adlcp:location>
  </metadata>
  <organizations default="articulate_rise">
      <organization identifier="articulate_rise">
      <title>Discover your Library</title>
      <item identifier="i1" identifierref="r1" isvisible="true">
        <title>Discover your Library</title>
        <adlcp:datafromlms>eyJjcHYiOiJNOUprSHJPeiIsInJsZCI6ZmFsc2V9</adlcp:datafromlms>
      </item>
    </organization>
  </organizations>
  <resources>
    <resource identifier="r1" type="webcontent" adlcp:scormtype="sco" href="scormdriver/indexAPI.html">
      <!-- SCORMDRIVER STUFF -->
      <file href="scormdriver/indexAPI.html" />
      <file href="scormdriver/preloadIntegrity.js" />
      <file href="scormdriver/driverOptions.js" />
      <file href="scormdriver/AICCComm.html" />
      <file href="scormdriver/auto-scripts/AutoBookmark.js" />
      <file href="scormdriver/auto-scripts/AutoCompleteSCO.js" />
      <file href="scormdriver/auto-scripts/CourseExit.js" />
      <file href="scormdriver/blank.html" />
      <file href="scormdriver/goodbye.html" />
      <file href="scormdriver/scormdriver.js" />
      <file href="scormdriver/browsersniff.js" />

      <!-- RUNTIME COMMON STUFF -->
      <file href="scormcontent/index.html" />

      
        <file href="scormcontent/lib/fonts/icomoon.ttf"/>
        <file href="scormcontent/lib/fonts/icomoon.woff"/>

        <file href="scormcontent/lib/icomoon.css"/>
        <file href="scormcontent/lib/player-0.0.11.min.js"/>
        <file href="scormcontent/lib/lzwcompress.js"/>
      

      <!-- FRONTEND BUNDLE ASSETS -->
      <file href="scormcontent/lib/rise/18eaf8f4.js" />
<file href="scormcontent/lib/rise/11732e6a.css" />
<file href="scormcontent/lib/rise/a8d5b75c.js" />
<file href="scormcontent/lib/rise/8035d702.css" />
<file href="scormcontent/lib/rise/66fba6df.js" />
<file href="scormcontent/lib/rise/eb9bd09f.js" />
<file href="scormcontent/lib/rise/20be7de8.js" />
<file href="scormcontent/lib/mondrian/entry.js" />
<file href="scormcontent/lib/mondrian/daef1d75.js" />
<file href="scormcontent/lib/mondrian/42b5616c.js" />
<file href="scormcontent/lib/mondrian/dd43309a.js" />
<file href="scormcontent/lib/mondrian/dbcf15f7.js" />
<file href="scormcontent/lib/mondrian/3a27456b.js" />
<file href="scormcontent/lib/mondrian/2d2b02a0.js" />
<file href="scormcontent/lib/mondrian/fa4a2a91.js" />
<file href="scormcontent/lib/mondrian/331b35c0.js" />
<file href="scormcontent/lib/wb/entry.js" />
<file href="scormcontent/lib/wb/d4168b22.js" />
<file href="scormcontent/lib/wb/fadc459f.js" />
<file href="scormcontent/lib/wb/ae9f88e9.js" />
<file href="scormcontent/lib/wb/b92601c5.js" />
<file href="scormcontent/lib/wb/467c7226.css" />
<file href="scormcontent/lib/wb/d445416d.js" />


      <!-- RUNTIME CONTENT STUFF -->
      <file href="scormcontent/assets/XRWBGNFy9XpcJQyJ/player-interface.js" />
<file href="scormcontent/assets/2hk7REBwXJxdwA8Y/player-interface.js" />
<file href="scormcontent/assets/XRWBGNFy9XpcJQyJ/analytics-frame.html" />
<file href="scormcontent/assets/XRWBGNFy9XpcJQyJ/html5/data/css/output.min.css" />
<file href="scormcontent/assets/XRWBGNFy9XpcJQyJ/html5/data/js/5YTZNdSh8TZ.js" />
<file href="scormcontent/assets/XRWBGNFy9XpcJQyJ/html5/data/js/5rJkqeagRwd.js" />
<file href="scormcontent/assets/XRWBGNFy9XpcJQyJ/html5/data/js/6Ikd6K7zWv3.js" />
<file href="scormcontent/assets/XRWBGNFy9XpcJQyJ/html5/data/js/6eZVrdUDLlt.js" />
<file href="scormcontent/assets/XRWBGNFy9XpcJQyJ/html5/data/js/data.js" />
<file href="scormcontent/assets/XRWBGNFy9XpcJQyJ/html5/data/js/frame.js" />
<file href="scormcontent/assets/XRWBGNFy9XpcJQyJ/html5/data/js/paths.js" />
<file href="scormcontent/assets/XRWBGNFy9XpcJQyJ/html5/lib/scripts/bootstrapper.min.js" />
<file href="scormcontent/assets/XRWBGNFy9XpcJQyJ/html5/lib/scripts/frame.desktop.min.js" />
<file href="scormcontent/assets/XRWBGNFy9XpcJQyJ/html5/lib/scripts/frame.mobile.min.js" />
<file href="scormcontent/assets/XRWBGNFy9XpcJQyJ/html5/lib/scripts/slides.min.js" />
<file href="scormcontent/assets/XRWBGNFy9XpcJQyJ/html5/lib/stylesheets/desktop.min.css" />
<file href="scormcontent/assets/XRWBGNFy9XpcJQyJ/html5/lib/stylesheets/mobile-fonts/open-sans-bold.woff" />
<file href="scormcontent/assets/XRWBGNFy9XpcJQyJ/html5/lib/stylesheets/mobile-fonts/open-sans-light.woff" />
<file href="scormcontent/assets/XRWBGNFy9XpcJQyJ/html5/lib/stylesheets/mobile-fonts/open-sans-regular.woff" />
<file href="scormcontent/assets/XRWBGNFy9XpcJQyJ/html5/lib/stylesheets/mobile.min.css" />
<file href="scormcontent/assets/XRWBGNFy9XpcJQyJ/meta.xml" />
<file href="scormcontent/assets/XRWBGNFy9XpcJQyJ/mobile/6DrMMINUQKP_X_80_P_0_0_628_521.jpg" />
<file href="scormcontent/assets/XRWBGNFy9XpcJQyJ/mobile/6QRaWBdD1ix_80_P_734_0_596_499.jpg" />
<file href="scormcontent/assets/XRWBGNFy9XpcJQyJ/mobile/6QRaWBdD1ix_X_80_P_1325_64_636_434.jpg" />
<file href="scormcontent/assets/XRWBGNFy9XpcJQyJ/mobile/6QRaWBdD1ix_X_80_P_64_527_596_397.jpg" />
<file href="scormcontent/assets/XRWBGNFy9XpcJQyJ/mobile/6U5FbdQD52q_FFFFFE_80_P_0_0_1063_682.png" />
<file href="scormcontent/assets/XRWBGNFy9XpcJQyJ/mobile/6hjUdJrC87k_80_P_1524_533_523_533.jpg" />
<file href="scormcontent/assets/XRWBGNFy9XpcJQyJ/story.html" />
<file href="scormcontent/assets/XRWBGNFy9XpcJQyJ/story_content/thumbnail.jpg" />
<file href="scormcontent/assets/XRWBGNFy9XpcJQyJ/story_content/user.js" />
<file href="scormcontent/assets/XRWBGNFy9XpcJQyJ/threeSixty.json" />
<file href="scormcontent/assets/2hk7REBwXJxdwA8Y/analytics-frame.html" />
<file href="scormcontent/assets/2hk7REBwXJxdwA8Y/html5/data/css/output.min.css" />
<file href="scormcontent/assets/2hk7REBwXJxdwA8Y/html5/data/js/5b1RtXaROWZ.js" />
<file href="scormcontent/assets/2hk7REBwXJxdwA8Y/html5/data/js/5mqbaQGN7yL.js" />
<file href="scormcontent/assets/2hk7REBwXJxdwA8Y/html5/data/js/60CiOtsmmAh.js" />
<file href="scormcontent/assets/2hk7REBwXJxdwA8Y/html5/data/js/6O0bhYFjK7N.js" />
<file href="scormcontent/assets/2hk7REBwXJxdwA8Y/html5/data/js/6dZP3oHCQP2.js" />
<file href="scormcontent/assets/2hk7REBwXJxdwA8Y/html5/data/js/data.js" />
<file href="scormcontent/assets/2hk7REBwXJxdwA8Y/html5/data/js/frame.js" />
<file href="scormcontent/assets/2hk7REBwXJxdwA8Y/html5/data/js/paths.js" />
<file href="scormcontent/assets/2hk7REBwXJxdwA8Y/html5/lib/scripts/bootstrapper.min.js" />
<file href="scormcontent/assets/2hk7REBwXJxdwA8Y/html5/lib/scripts/frame.desktop.min.js" />
<file href="scormcontent/assets/2hk7REBwXJxdwA8Y/html5/lib/scripts/frame.mobile.min.js" />
<file href="scormcontent/assets/2hk7REBwXJxdwA8Y/html5/lib/scripts/slides.min.js" />
<file href="scormcontent/assets/2hk7REBwXJxdwA8Y/html5/lib/stylesheets/desktop.min.css" />
<file href="scormcontent/assets/2hk7REBwXJxdwA8Y/html5/lib/stylesheets/mobile-fonts/open-sans-bold.woff" />
<file href="scormcontent/assets/2hk7REBwXJxdwA8Y/html5/lib/stylesheets/mobile-fonts/open-sans-light.woff" />
<file href="scormcontent/assets/2hk7REBwXJxdwA8Y/html5/lib/stylesheets/mobile-fonts/open-sans-regular.woff" />
<file href="scormcontent/assets/2hk7REBwXJxdwA8Y/html5/lib/stylesheets/mobile.min.css" />
<file href="scormcontent/assets/2hk7REBwXJxdwA8Y/meta.xml" />
<file href="scormcontent/assets/2hk7REBwXJxdwA8Y/mobile/5bXI5sHlFkR62DVPygPCy5%7BWidth%3D303.75%2C%20Height%3D540%7DLight.png" />
<file href="scormcontent/assets/2hk7REBwXJxdwA8Y/mobile/62c7amhSE0I6e29FrT7h98%7BWidth%3D303.75%2C%20Height%3D540%7DLight.png" />
<file href="scormcontent/assets/2hk7REBwXJxdwA8Y/mobile/6aa6vtUDK7r67tHT7n9kOh%7BWidth%3D303.75%2C%20Height%3D540%7DLight.png" />
<file href="scormcontent/assets/2hk7REBwXJxdwA8Y/mobile/6fNYCmx1UT95iDitb6ngCK%7BWidth%3D720%2C%20Height%3D405%7DLight.png" />
<file href="scormcontent/assets/2hk7REBwXJxdwA8Y/mobile/6keY7Jr7AmC_80.jpg" />
<file href="scormcontent/assets/2hk7REBwXJxdwA8Y/story.html" />
<file href="scormcontent/assets/2hk7REBwXJxdwA8Y/story_content/5bXI5sHlFkR.html" />
<file href="scormcontent/assets/2hk7REBwXJxdwA8Y/story_content/62c7amhSE0I.html" />
<file href="scormcontent/assets/2hk7REBwXJxdwA8Y/story_content/6aa6vtUDK7r.html" />
<file href="scormcontent/assets/2hk7REBwXJxdwA8Y/story_content/6fNYCmx1UT9.html" />
<file href="scormcontent/assets/2hk7REBwXJxdwA8Y/story_content/thumbnail.jpg" />
<file href="scormcontent/assets/2hk7REBwXJxdwA8Y/story_content/user.js" />
<file href="scormcontent/assets/2hk7REBwXJxdwA8Y/threeSixty.json" />
<file href="scormcontent/lib/fonts/Inter-Medium.woff" />
<file href="scormcontent/lib/fonts/Inter-Black.woff" />
<file href="scormcontent/lib/fonts/Inter-Bold.woff" />
<file href="scormcontent/lib/fonts/Inter-Regular.woff" />
<file href="scormcontent/lib/fonts/Inter-Light.woff" />
<file href="scormcontent/assets/jSdqt0M4TMmxmaia_small.png" />
<file href="scormcontent/assets/MD1VPBzKM2XhYkc__kRFIj5FOLR_R3h8J.jpg" />
<file href="scormcontent/assets/zENguuUNHg1CjuFV_643_pYSxymUBytaG.jpg" />
<file href="scormcontent/assets/2zy9UzAxySuhgjKu_story.html" />
<file href="scormcontent/assets/2XJTF_EIEtxBxh_5_fj5fJX029FWRa1Fv.png" />
<file href="scormcontent/assets/i9f1WsLqUxvZ7g0n_Kryf3cbOEReRmYHQ.jpg" />
<file href="scormcontent/assets/9Ge8tgk5vcOpHj-y_Ot8L9yubxx0aGxd3.jpg" />
<file href="scormcontent/assets/VPoMuw0YO7kXrZDJ_WNY0PqN4UWNdAWqB.jpg" />
<file href="scormcontent/assets/h1HvtSJqyiiUjFgn_1W0IYSrXp2l9ou7R.jpg" />
<file href="scormcontent/assets/3ZoVv7NoxfSylyCP_story.html" />
<file href="scormcontent/assets/oxPvrWz38shsRBcc_rc9DwWp3PTQwAfx5.jpg" />
<file href="scormcontent/assets/q86APCIttGT7SCgu_eLciS320Pe1CJ7hS.jpg" />
<file href="scormcontent/assets/KEXpaIYe1yq6CQlo_xp_j8t241JTSxWD9.jpg" />
<file href="scormcontent/assets/4CLeNgwvbTc3KU5G_LhWCb8WxCA_RX00e.jpg" />
<file href="scormcontent/assets/CfDYBE4lB35e1OAn_2HpZjzkPJfAXjEV5.jpg" />
<file href="scormcontent/assets/rl-1DhvPIX919Bg-_7SW5xat3u_C6uwMu.jpg" />
<file href="scormcontent/assets/WRFhji_tnnN8nqwW_IQrij1utfEMAw_AU.png" />
<file href="scormcontent/assets/9xUfl_7C-8sWn8bM_1jl3pelcNy-RGuO1.jpg" />
<file href="scormcontent/assets/8mmB34258FxubhRM_aYZ_iwov6IV_Nh9p.jpg" />
<file href="scormcontent/assets/BOitMu9YE9zKnWTl_iee_qrZfu6wmAjj5.jpg" />
<file href="scormcontent/assets/J4TeVHe0xEbzc5oI_a2Vp5g76rCOOpqKl.jpg" />
<file href="scormcontent/assets/Ps8Dzw43IzeTrFuk_cover-image-0.jpg" />
<file href="scormcontent/assets/3ToqBwF9jH1PN8l3_example-header-image.jpg" />

    </resource>
  </resources>
</manifest>
